<?xml version="1.0" encoding="UTF-8" ?>
<!DOCTYPE mapper PUBLIC "-//mybatis.org//DTD Mapper 3.0//EN" "http://mybatis.org/dtd/mybatis-3-mapper.dtd" >
<!-- 字段管理持久化层XML配置继承IFieldDao -->
<mapper namespace="net.mingsoft.mdiy.dao.IContentModelFieldDao">
	<sql id="column_list">
		FIELD_ID,FIELD_TIPSNAME,FIELD_FIELDNAME,FIELD_TYPE,FIELD_CMID,FIELD_DEFAULT,FIELD_ISNULL,FIELD_ISSEARCH,FIELD_LENGTH
	</sql>
	
	<!-- 表字段与实体属性对应，供返回实体信息时使用 -->
	<resultMap id="resultMap" type="net.mingsoft.mdiy.entity.ContentModelFieldEntity">
		<id column="FIELD_ID" property="fieldId" />
		<result column="FIELD_TIPSNAME" property="fieldTipsName" />
		<result column="FIELD_FIELDNAME" property="fieldFieldName" />
		<result column="FIELD_TYPE" property="fieldType" />
		<result column="FIELD_CMID" property="fieldCmid" />
		<result column="FIELD_LENGTH" property="fieldLength" />
		<result column="FIELD_DEFAULT" property="fieldDefault" />
		<result column="FIELD_ISNULL" property="fieldIsNull" />
		<result column="FIELD_ISSEARCH" property="fieldIsSearch" />
	</resultMap>
	
	<!-- 根据sql动态查询开始 -->
	<select id="queryListBySQL" resultType="Map">
		select basicId from ${table} where
		<foreach item="item" index="key" collection="diyFieldName" open="" separator="and" close="">
				${key} like '%${item}%'
		</foreach>
	</select>


	<!-- 查询所有字段开始 -->
	<select id="queryAll" resultMap="resultMap">
		select * from mdiy_content_mode_field
	</select>
	<!-- 查询所有字段结束 -->
	
	<!-- 查询指定表单的自定义字段列表开始 -->
	<select id="queryListByCmid" resultMap="resultMap" parameterType="int">
		select * from mdiy_content_mode_field where FIELD_CMID = #{fieldCmid} order by field_sort,field_id desc
	</select>
	<!-- 查询指定表单的自定义字段列表结束 -->
	
	<!-- 统计指定表单的字段数量开始 -->
	<select id="queryCountByCmid" resultType="int" parameterType="int">
		select count(*) from mdiy_content_mode_field where FIELD_CMID = #{fieldCmid}
	</select>
	<!-- 统计指定表单的字段数量结束 -->
	
    <sql id="queryPageOrderBy">
	 <if test="orderBy != null">
			    order by ${orderBy}
		    </if>
		    <if test="order == true">
			    asc
		    </if>
		    <if test="order == false">
			desc
		    </if>
	</sql>
	<!--mysql 字段列表分页查询开始 -->
	<select id="queryByPage" resultMap="resultMap">
		select * from mdiy_content_mode_field where FIELD_CMID = #{fieldCmid}
		<include refid="queryPageOrderBy"></include>
		    limit ${pageNo*pageSize},#{pageSize}
	</select>

	<!-- oracle字段列表分页查询开始 -->
	<select id="queryByPage" resultMap="resultMap" databaseId="oracle">
	    SELECT * FROM  (  
        SELECT A.*, ROWNUM RN  FROM (
        select * from mdiy_content_mode_field where FIELD_CMID = #{fieldCmid}
		    <include refid="queryPageOrderBy"></include>
		    ) A  
        WHERE ROWNUM  &lt;= #{pageSize}  
        )  
        WHERE RN &gt;= ${pageNo*pageSize}
	</select>
	
	<!-- sqlServer字段列表分页查询开始 -->
	<select id="queryByPage" resultMap="resultMap" databaseId="sqlServer">
	    select  *	from
				(select *, ROW_NUMBER() OVER(Order by  
				<if test="orderBy == null">
				     basic_id
		         </if>
				 <if test="orderBy != null">
				     ${orderBy}
		         </if>
		         <if test="order == true">
			         asc
		         </if>
		         <if test="order == false">
			     desc
		</if>) AS RowId from mdiy_content_mode_field  where FIELD_CMID = #{fieldCmid}) 
        where RowId between ${pageNo*pageSize} and #{pageSize}
	</select>
	
	<!-- 字段列表分页查询结束 -->
	<sql id="insertColumns">
	    <if test="fieldTipsName != null">FIELD_TIPSNAME,</if>
		<if test="fieldFieldName != null">FIELD_FIELDNAME,</if>
		<if test="fieldType != null">FIELD_TYPE,</if>
		<if test="fieldCmid != null">FIELD_CMID,</if>
		<if test="fieldLength != null">FIELD_LENGTH,</if>
		<if test="fieldDefault != null">FIELD_DEFAULT,</if>
		<if test="fieldIsNull != null">FIELD_ISNULL,</if>
	    <if test="fieldIsSearch != null">FIELD_ISSEARCH,</if>
	</sql>
	<sql id="insertValues">
	    <if test="fieldTipsName != null">#{fieldTipsName},</if>
	    <if test="fieldFieldName != null">#{fieldFieldName},</if>
		<if test="fieldType != null">#{fieldType},</if>
		<if test="fieldCmid != null">#{fieldCmid},</if>
		<if test="fieldLength != null">#{fieldLength},</if>
		<if test="fieldDefault != null">#{fieldDefault},</if>
		<if test="fieldIsNull != null">#{fieldIsNull},</if>
		<if test="fieldIsSearch != null">#{fieldIsSearch}</if>
	</sql>
	<!-- mysql或sqlServer增加字段实体开始 -->
	<insert id="saveEntity" useGeneratedKeys="true" keyProperty="fieldId"  parameterType="net.mingsoft.mdiy.entity.ContentModelFieldEntity">
		insert into mdiy_content_mode_field
		<trim prefix="(" suffix=")" suffixOverrides=",">
			<include refid="insertColumns"></include>
		</trim>
		<trim prefix="values (" suffix=")" suffixOverrides=",">
			<include refid="insertValues"></include>
		</trim>
	</insert>
	<!-- 增加字段实体结束 -->
	<!-- oracle增加字段实体开始 -->
	<insert id="saveEntity"  useGeneratedKeys="false" keyProperty="fieldId" parameterType="net.mingsoft.mdiy.entity.ContentModelFieldEntity" databaseId="oracle">
	    <selectKey resultType="Integer"  keyProperty="fieldId" order="BEFORE">
			select seq_field_id.nextval as fieldId from dual
		</selectKey>
		insert into mdiy_content_mode_field
		<trim prefix="(" suffix=")" suffixOverrides=",">
		    FIELD_ID,
			<include refid="insertColumns"></include>
		</trim>
		<trim prefix="values (" suffix=")" suffixOverrides=",">
		    #{fieldId},
			<include refid="insertValues"></include>
		</trim>
	</insert>
	<!-- 增加字段实体结束 -->
	
	<!-- 根据自增长ID删除字段实体开始 -->
	<delete id="deleteEntity" parameterType="int">
		delete from mdiy_content_mode_field where FIELD_ID = #{fieldId}
	</delete>
	<!-- 根据自增长ID删除字段实体结束 -->
	
	<!-- 根据模型ID删除字段实体开始 -->
	<delete id="deleteEntityByFieldCmid" parameterType="int">
		delete from mdiy_content_mode_field where FIELD_CMID = #{fieldCmid}
	</delete>
	<!-- 根据模型ID删除字段实体结束 -->
		
	<!-- 查询字段实体开始 -->
	<select id="getEntity" resultMap="resultMap" parameterType="int">
		select 
			<include refid="column_list"/>
		  		from mdiy_content_mode_field where FIELD_ID=#{fieldId}
	</select>
	<!-- 查询字段实体结束 -->
	
	<!-- 通过字段名获取字段实体开始 -->
	<select id="getEntityByFieldName" resultMap="resultMap" parameterType="String">
		select 
			<include refid="column_list"/>
		  		from mdiy_content_mode_field where FIELD_FIELDNAME=#{fieldFieldName}
	</select>
	<!-- 通过字段名获取字段实体结束 -->
	
	<!-- 通过字段名和内容模型id获取字段实体开始 -->
	<select id="getEntityByCmId" resultMap="resultMap">
		select 
			<include refid="column_list"/>
		  		from mdiy_content_mode_field where FIELD_FIELDNAME=#{fieldFieldName} and FIELD_CMID=#{cmId}
	</select>
	<!-- 通过字段名获取字段实体结束 -->
	
	<!-- 更新字段开始 -->
	<update id="updateEntity" parameterType="net.mingsoft.mdiy.entity.ContentModelFieldEntity">
		update mdiy_content_mode_field
		<set>
			<if test="fieldTipsName != null">FIELD_TIPSNAME=#{fieldTipsName},</if>
			<if test="fieldFieldName != null">FIELD_FIELDNAME=#{fieldFieldName},</if>
			<if test="fieldType != null">FIELD_TYPE=#{fieldType},</if>
			<if test="fieldCmid != null">FIELD_CMID=#{fieldCmid},</if>
			<if test="fieldLength != null">FIELD_LENGTH=#{fieldLength},</if>
			<if test="fieldDefault != null">FIELD_DEFAULT=#{fieldDefault},</if>
			<if test="fieldIsNull != null">FIELD_ISNULL=#{fieldIsNull},</if>
			<if test="fieldIsSearch != null">FIELD_ISSEARCH=#{fieldIsSearch}</if>
		</set>
		where FIELD_ID=#{fieldId}
	</update>
	<!-- 更新字段结束 -->
	
	<!-- 根据字段名和表单模型id查找符合条件的记录个数开始 -->
	<select id="getCountFieldName" resultType="int">
		select count(*) from mdiy_content_mode_field
		where FIELD_CMID=#{fieldCmdId} 
		<if test="fieldFieldName!=null">and FIELD_FIELDNAME=#{fieldFieldName}</if>
	</select>
	
	
	
	
	<!-- 根据sql动态查询开始 -->
	<select id="queryListByListField" resultType="Map">
		select basicId from ${table} ${where}
	</select>
	
	<!-- - -->
	<select id="queryByContentModelId" resultMap="resultMap">
		select * from mdiy_content_mode_field where FIELD_CMID = #{contentModelId} order by field_sort,field_id desc
	</select>
	
	<select id="queryByIsSearch" resultMap="resultMap">
		select * from mdiy_content_mode_field 
		<where>
			<if test="contentModelId!=null">and FIELD_CMID=#{contentModelId}</if>
			<if test="fieldIsSearch!=null">and FIELD_ISSEARCH=#{fieldIsSearch}</if>
			order by field_sort,field_id desc
		</where>
	</select>
	
</mapper>