<?xml version="1.0" encoding="UTF-8" ?>
<!DOCTYPE mapper PUBLIC "-//mybatis.org//DTD Mapper 3.0//EN" "http://mybatis.org/dtd/mybatis-3-mapper.dtd" >
<mapper namespace="net.mingsoft.mdiy.dao.IFormFieldDao">
	<resultMap type="net.mingsoft.mdiy.entity.FormFieldEntity" id="resultMap">
		<id column="FF_ID" property="diyFormFieldId"></id>
		<result column="FF_TIPSNAME" property="diyFormFieldTipsName" />
		<result column="FF_FIELDNAME" property="diyFormFieldFieldName" />
		<result column="FF_TYPE" property="diyFormFieldType" />
		<result column="FF_DEFAULT" property="diyFormFieldDefault" />
		<result column="FF_SORT" property="diyFormFieldSort" />
		<result column="FF_ISNULL" property="diyFormFieldIsNull" />
		<result column="FF_FORMID" property="diyFormFieldFormId" />
	</resultMap>

    <sql id="insertColumns">
        <if test="diyFormFieldTipsName != null">FF_TIPSNAME,</if>
		<if test="diyFormFieldFieldName != null">FF_FIELDNAME,</if>
		<if test="diyFormFieldType != null">FF_TYPE,</if>
		<if test="diyFormFieldDefault != null">FF_DEFAULT,</if>
		<if test="diyFormFieldSort != null">FF_SORT,</if>
		<if test="diyFormFieldIsNull != null">FF_ISNULL,</if>
		<if test="diyFormFieldFormId != null">FF_FORMID,</if>
    </sql>
    <sql id="insertValues">
        <if test="diyFormFieldTipsName != null">#{diyFormFieldTipsName},</if>
		<if test="diyFormFieldFieldName != null">#{diyFormFieldFieldName},</if>
		<if test="diyFormFieldType != null">#{diyFormFieldType},</if>
		<if test="diyFormFieldDefault != null">#{diyFormFieldDefault},</if>
		<if test="diyFormFieldSort != null">#{diyFormFieldSort},</if>
		<if test="diyFormFieldIsNull != null">#{diyFormFieldIsNull},</if>
		<if test="diyFormFieldFormId != null">#{diyFormFieldFormId},</if>
    </sql>
	<!-- mysql或sqlServer新增表单内容模型开始 -->
	<insert id="saveEntity" useGeneratedKeys="true" keyProperty="diyFormFieldId" parameterType="net.mingsoft.mdiy.entity.FormFieldEntity">
		insert into mdiy_form_field
		<!-- 注入表字段 -->
		<trim prefix="(" suffix=")" suffixOverrides=",">
			<include refid="insertColumns"></include>
		</trim>

		<!-- 注入控制层字段 -->
		<trim prefix="values (" suffix=")" suffixOverrides=",">
			<include refid="insertValues"></include>
		</trim>
	</insert>
	<!-- mysql或sqlServer新增表单内容模型结束 -->
	<!-- oracle新增表单内容模型开始 -->
	<insert id="saveEntity" useGeneratedKeys="false" keyProperty="diyFormFieldId" parameterType="net.mingsoft.mdiy.entity.FormFieldEntity"  databaseId="oracle">
		<selectKey resultType="Integer"  keyProperty="diyFormFieldId" order="BEFORE">
			select seq_ff_id.nextval as diyFormFieldId from dual
		</selectKey>
		insert into mdiy_form_field
		<!-- 注入表字段 -->
		<trim prefix="(" suffix=")" suffixOverrides=",">
		    FF_ID,
			<include refid="insertColumns"></include>
		</trim>
		<!-- 注入控制层字段 -->
		<trim prefix="values (" suffix=")" suffixOverrides=",">
		    #{diyFormFieldId},
			<include refid="insertValues"></include>
		</trim>
	</insert>
	<!-- oracle新增表单内容模型结束 -->

	<!-- 更新表单内容模型开始 -->
	<update id="updateEntity" parameterType="net.mingsoft.mdiy.entity.FormFieldEntity">
		update mdiy_form_field
		<set>
			<if test="diyFormFieldTipsName != null">FF_TIPSNAME=#{diyFormFieldTipsName},</if>
			<if test="diyFormFieldFieldName != null">FF_FIELDNAME=#{diyFormFieldFieldName},</if>
			<if test="diyFormFieldType != null">FF_TYPE=#{diyFormFieldType},</if>
			<if test="diyFormFieldDefault != null">FF_DEFAULT=#{diyFormFieldDefault},</if>
			<if test="diyFormFieldSort != null">FF_SORT=#{diyFormFieldSort},</if>
			<if test="diyFormFieldIsNull != null">FF_ISNULL=#{diyFormFieldIsNull},</if>
		</set>
		where FF_ID = #{diyFormFieldId}
	</update>
	<!-- 更新表单内容模型结束 -->

	<!-- 根据id删除内容模型表单记录开始 -->
	<delete id="deleteEntity" parameterType="int">
		delete from mdiy_form_field
		where FF_ID = #{diyFormFieldId}
	</delete>
	<!-- 根据id删除内容模型表单记录结束 -->

	<!-- 根据id查找内容模型实体信息 -->
	<select id="getEntity" resultMap="resultMap" parameterType="int">
		select *
		from mdiy_form_field
		where FF_ID = #{diyFormFieldId}

	</select>
	<!-- 根据id查找内容模型实体信息 -->

	<!-- 查询所有内容模型实体信息开始 -->
	<select id="queryAll" resultMap="resultMap">
		select *	from mdiy_form_field order by FF_ID desc
	</select>
	<!-- 查询所有内容模型实体信息结束 -->
	
	<!-- 查询所有内容模型实体信息开始 -->
	<select id="query" resultMap="resultMap" parameterType="int">
		select *	from mdiy_form where FF_FORMID=#{diyFormAppId}
	</select>
	<!-- 查询所有内容模型实体信息结束 -->
	<select id="queryByDiyFormId" resultMap="resultMap">
		select * from mdiy_form_field where FF_FORMID = #{diyFormFieldFormId}
	</select>
	
	<!-- 根据字段名和表单id查找字段实体 -->
	<select id="getByFieldName" resultMap="resultMap">
		select * from mdiy_form_field 
		where FF_FORMID = #{diyFormFieldFormId} and FF_FIELDNAME=#{diyFormFieldFieldName}
	</select>
	
</mapper>