<?xml version="1.0" encoding="UTF-8" ?>
<!DOCTYPE mapper PUBLIC "-//mybatis.org//DTD Mapper 3.0//EN" "http://mybatis.org/dtd/mybatis-3-mapper.dtd" >
<mapper namespace="net.mingsoft.mdiy.dao.ITableDao">
	
	<resultMap id="resultMap" type="net.mingsoft.mdiy.entity.TableEntity">
		<id column="ID" property="id" /><!--暂无描述 -->
		<result column="APP_ID" property="appId" /><!--站点编号 -->
		<result column="TABLE_NAME" property="tableName" /><!--自定义表名 -->
		<result column="TABLE_MASTER" property="tableMaster" /><!--主表或主业务关键字 -->
		<result column="TABLE_MASTER_ID" property="tableMasterId" /><!--数据编号，主要关联主表编号 -->
		<result column="CREATE_DATE" property="createDate" /><!--创建时间 -->
		<result column="CREATE_BY" property="createBy" /><!--创建人 -->
		<result column="UPDATE_DATE" property="updateDate" /><!--更新时间 -->
		<result column="UPDATE_BY" property="updateBy" /><!--更新人 -->
		<result column="DEL" property="del" /><!--删除标记0正常1删除 -->
	</resultMap>
	
	<!--保存-->	
	<insert id="saveEntity" useGeneratedKeys="true" keyProperty="id"
		parameterType="net.mingsoft.mdiy.entity.TableEntity" >
		insert into mdiy_table
		<trim prefix="(" suffix=")" suffixOverrides=",">
			<if test="appId &gt; 0">APP_ID,</if>
			<if test="tableName != null and tableName != ''">TABLE_NAME,</if>
			<if test="tableMaster != null and tableMaster != ''">TABLE_MASTER,</if>
			<if test="tableMasterId != null and tableMasterId != ''">TABLE_MASTER_ID,</if>
			<if test="createDate != null">CREATE_DATE,</if>
			<if test="createBy &gt; 0">CREATE_BY,</if>
			<if test="updateDate != null">UPDATE_DATE,</if>
			<if test="updateBy &gt; 0">UPDATE_BY,</if>
			<if test="del &gt; 0">DEL,</if>
		</trim>
		<trim prefix="values (" suffix=")" suffixOverrides=",">
			<if test="appId &gt; 0">#{appId},</if>
			<if test="tableName != null and tableName != ''">#{tableName},</if>
			<if test="tableMaster != null and tableMaster != ''">#{tableMaster},</if>
			<if test="tableMasterId != null and tableMasterId != ''">#{tableMasterId},</if>
			<if test="createDate != null">#{createDate},</if>
			<if test="createBy &gt; 0">#{createBy},</if>
			<if test="updateDate != null">#{updateDate},</if>
			<if test="updateBy &gt; 0">#{updateBy},</if>
			<if test="del &gt; 0">#{del},</if>
		</trim>
	</insert>
	
	<!--更新-->	
	<update id="updateEntity" parameterType="net.mingsoft.mdiy.entity.TableEntity">
		update mdiy_table
		<set>
			<if test="appId &gt; 0">APP_ID=#{appId},</if>			
			<if test="tableName != null and tableName != ''">TABLE_NAME=#{tableName},</if>			
			<if test="tableMaster != null and tableMaster != ''">TABLE_MASTER=#{tableMaster},</if>			
			<if test="tableMasterId != null and tableMasterId != ''">TABLE_MASTER_ID=#{tableMasterId},</if>			
			<if test="createDate != null">CREATE_DATE=#{createDate},</if>			
			<if test="createBy &gt; 0">CREATE_BY=#{createBy},</if>			
			<if test="updateDate != null">UPDATE_DATE=#{updateDate},</if>			
			<if test="updateBy &gt; 0">UPDATE_BY=#{updateBy},</if>			
			<if test="del &gt; 0">DEL=#{del},</if>			
		</set>
		where ID = #{id}
	</update>
	
	<!--根据id获取-->	
	<select id="getEntity" resultMap="resultMap" parameterType="int">
		select * from mdiy_table where ID=#{id}
	</select>
	
	<!--根据实体获取-->
	<select id="getByEntity" resultMap="resultMap" parameterType="net.mingsoft.mdiy.entity.TableEntity">
		select * from mdiy_table 
		<where>
			<if test="appId &gt; 0"> and APP_ID=#{appId} </if>				
			<if test="tableName != null and tableName != ''"> and TABLE_NAME=#{tableName} </if>				
			<if test="tableMaster != null and tableMaster != ''"> and TABLE_MASTER=#{tableMaster} </if>				
			<if test="tableMasterId != null and tableMasterId != ''"> and TABLE_MASTER_ID=#{tableMasterId} </if>				
			<if test="createDate != null"> and CREATE_DATE=#{createDate} </if>				
			<if test="createBy &gt; 0"> and CREATE_BY=#{createBy} </if>				
			<if test="updateDate != null"> and UPDATE_DATE=#{updateDate} </if>				
			<if test="updateBy &gt; 0"> and UPDATE_BY=#{updateBy} </if>				
			<if test="del &gt; 0"> and DEL=#{del} </if>				
		</where>
		limit 0,1
	</select>	
	
	
	<!--删除-->	
	<delete id="deleteEntity" parameterType="int">
		delete from mdiy_table  where ID=#{id}
	</delete>	
	
	<!--批量删除-->	
	<delete id="delete" >
		delete from mdiy_table
		<where>
			 ID  in <foreach collection="ids" item="item" index="index" 
			open="(" separator="," close=")">#{item}</foreach>
		</where>
	</delete>
	
	<update id="createTable" statementType="STATEMENT" databaseId="mysql">
		CREATE TABLE ${table} (
		id int(11) NOT NULL,
		PRIMARY KEY (id)
		) ENGINE=InnoDB AUTO_INCREMENT=5 DEFAULT CHARSET=utf8
	</update>
	
	<!--查询全部-->	
	<select id="queryAll" resultMap="resultMap">
		select * from mdiy_table order by ID desc
	</select>
	<!--条件查询-->	
	<select id="query" resultMap="resultMap">
		select * from mdiy_table  
		<where>
				<if test="appId &gt; 0"> and APP_ID=#{appId} </if>				
				<if test="tableName != null and tableName != ''"> and TABLE_NAME=#{tableName} </if>				
				<if test="tableMaster != null and tableMaster != ''"> and TABLE_MASTER=#{tableMaster} </if>				
				<if test="tableMasterId != null and tableMasterId != ''"> and TABLE_MASTER_ID=#{tableMasterId} </if>				
				<if test="createDate != null"> and CREATE_DATE=#{createDate} </if>				
				<if test="createBy &gt; 0"> and CREATE_BY=#{createBy} </if>				
				<if test="updateDate != null"> and UPDATE_DATE=#{updateDate} </if>				
				<if test="updateBy &gt; 0"> and UPDATE_BY=#{updateBy} </if>				
				<if test="del &gt; 0"> and DEL=#{del} </if>				
		</where>		
		order by ID desc
	</select>
	
</mapper>