<?xml version="1.0" encoding="UTF-8" ?>
<!DOCTYPE mapper PUBLIC "-//mybatis.org//DTD Mapper 3.0//EN" "http://mybatis.org/dtd/mybatis-3-mapper.dtd" >
<mapper namespace="net.mingsoft.mdiy.dao.ITagSqlDao">
	<cache />
	<resultMap id="resultMap" type="net.mingsoft.mdiy.entity.TagSqlEntity">
		<result column="ID" property="id" /><!--自定义标签编号 -->
		<result column="TAG_ID" property="tagId" /><!--自定义标签编号 -->
		<result column="TAG_SQL" property="tagSql" /><!--自定义sql支持ftl写法 -->
		<result column="SORT" property="sort" /><!--排序升序 -->
	</resultMap>
	
	<!--保存-->	
	<insert id="saveEntity"  useGeneratedKeys="true" keyProperty="id"
		parameterType="net.mingsoft.mdiy.entity.TagSqlEntity" >
		insert into mdiy_tag_sql
		<trim prefix="(" suffix=")" suffixOverrides=",">
			<if test="tagId &gt; 0">TAG_ID,</if>
			<if test="tagSql != null and tagSql != ''">TAG_SQL,</if>
			<if test="sort != null and sort != ''">SORT,</if>
		</trim>
		<trim prefix="values (" suffix=")" suffixOverrides=",">
			<if test="tagId &gt; 0">#{tagId},</if>
			<if test="tagSql != null and tagSql != ''">#{tagSql},</if>
			<if test="sort != null and sort != ''">#{sort},</if>
		</trim>
	</insert>
	
	<!--更新-->	
	<update id="updateEntity" parameterType="net.mingsoft.mdiy.entity.TagSqlEntity">
		update mdiy_tag_sql
		<set>
			<if test="tagId &gt; 0">TAG_ID=#{tagId},</if>
			<if test="tagSql != null and tagSql != ''">TAG_SQL=#{tagSql},</if>			
			<if test="sort != null and sort != ''">SORT=#{sort},</if>			
		</set>
		where ID = #{id}
	</update>
	
	<!--根据id获取-->	
	
	<select id="getEntity" resultMap="resultMap" parameterType="int">
		select * from mdiy_tag_sql where ID=#{id}
	</select>
	
	<sql id="queryMdiyTagSqlWhere">
	    <if test="tagId &gt; 0"> and TAG_ID=#{tagId} </if>
		<if test="tagSql != null and tagSql != ''"> and TAG_SQL=#{tagSql} </if>				
		<if test="sort != null and sort != ''"> and SORT=#{sort} </if>
	</sql>
	
	<!--sqlServer根据实体获取-->
	<select id="getByEntity" resultMap="resultMap" parameterType="net.mingsoft.mdiy.entity.TagSqlEntity" databaseId="sqlServer">
		select top(1) * from mdiy_tag 
		<where>
			<include refid="queryMdiyTagSqlWhere"></include>			
		</where>
	</select>	
	<!--根据实体获取-->
	<select id="getByEntity" resultMap="resultMap" parameterType="net.mingsoft.mdiy.entity.TagSqlEntity" databaseId="mysql">
		select * from mdiy_tag_sql 
		<where>
		    <include refid="queryMdiyTagSqlWhere"></include>			
		</where>
		limit 0,1
	</select>	
	
	<!--删除-->	
	<delete id="deleteEntity" parameterType="int">
		delete from mdiy_tag_sql  where ID=#{id}
	</delete>	
	
	<!--批量删除-->	
	<delete id="delete" >
		delete from mdiy_tag_sql
		<where>
			 ID  in <foreach collection="ids" item="item" index="index" 
			open="(" separator="," close=")">#{item}</foreach>
		</where>
	</delete>
	
	<!--查询全部-->	
	<select id="queryAll" resultMap="resultMap">
		select * from mdiy_tag_sql order by ID desc
	</select>
	
	<!--条件查询-->	
	<select id="query" resultMap="resultMap">
		select * from mdiy_tag_sql  
		<where>
			<include refid="queryMdiyTagSqlWhere"></include>
		</where>		
		order by ID desc
	</select>
	
</mapper>